<?xml version="1.0"?>

<config xmlns:xsi="http://www.w3.org/2001/XMLSchema-instance" xsi:noNamespaceSchemaLocation="urn:magento:module:Magento_Config:etc/system_file.xsd">
    <system>
       <tab id="mconnect" translate="label" sortOrder="300">
            <label>M-Connect Media</label>
        </tab>
		<section id="mconnect_productfileupload" translate="label" type="text" sortOrder="140" showInDefault="1" showInWebsite="1" showInStore="1">
            <label>Product File Upload</label>
            <tab>mconnect</tab>            
            <resource>Mconnect_Productfileupload::config_productfileupload</resource>	
			
			<group id="active" translate="label" type="text" sortOrder="1" showInDefault="1" showInWebsite="1" showInStore="1">
				<label>Licence Key Activation</label>
				<field id="licence_key" translate="label" type="text" sortOrder="1" showInDefault="1" showInWebsite="1" showInStore="1">
					<label>Licence Key</label>					
				</field>
				<field id="serial_key" translate="label" type="text" sortOrder="2" showInDefault="1" showInWebsite="1" showInStore="1">
					<label>Serial Key</label>					
				</field>
			</group>
			
			<group id="general" translate="label" type="text" sortOrder="2" showInDefault="1" showInWebsite="1" showInStore="1">
			
				<label>General Setting</label>				
				
				<field id="active" translate="label" type="select" sortOrder="1" showInDefault="1" showInWebsite="1" showInStore="1">
					<label>Enable/Disable</label>
					<source_model>Magento\Config\Model\Config\Source\Yesno</source_model>
				</field>				
				

				<field id="fileextensions" translate="label" type="text" sortOrder="2" showInDefault="1" showInWebsite="1" showInStore="1">
					<label>Allowable File Extensions</label>
					<comment>Must be comma (',') Separated values like; jpg,jpeg,png,gif,doc,docx,pdf,rar,zip, txt,xls,xlsx,csv etc</comment>
				</field>
				
				
				<field id="login_enabled" translate="label" type="select" sortOrder="3" showInDefault="1" showInWebsite="1" showInStore="1">
					<label>Need login to download</label>
					<source_model>Magento\Config\Model\Config\Source\Yesno</source_model>
				</field>
				
				
				<field id="redirect_to_referrer" translate="label" type="select" sortOrder="4" showInDefault="1" showInWebsite="1" showInStore="1">
					<label>Redirect to Referrer Page after Login</label>
					<source_model>Magento\Config\Model\Config\Source\Yesno</source_model>
				</field>
				
				<field id="login_text" translate="label" type="text" sortOrder="8" showInDefault="1" showInWebsite="1" showInStore="1">
					<label>Login Text</label>					
				</field>
				
			</group>
        </section>       
    </system>
</config>
