<?xml version="1.0"?>
<!--
/**
 * @category   Mconnect
 * @package    Mconnect_AutoRelatedProducts
 * @author     Vishal Rathod <vishalr@magentoconnect.us>
 * @license    http://www.gnu.org/licenses  GNU General Public License
 */
-->
<config xmlns:xsi="http://www.w3.org/2001/XMLSchema-instance" xsi:noNamespaceSchemaLocation="urn:magento:module:Magento_Config:etc/system_file.xsd">
    <system>
        <tab id="mconnect" translate="label" sortOrder="200">
            <label>Mconnect</label>
        </tab>
        <section id="mconnect_autorelatedproducts"  showInDefault="1">
            <tab>mconnect</tab>
            <label>Auto Related Products</label>
            <resource>Mconnect_AutoRelatedProducts::config</resource>
            <group id="general"  showInDefault="1">
                <label>General Settings</label>
                <field id="version" translate="label" type="label" sortOrder="1" showInDefault="1" showInWebsite="0" showInStore="0">
                    <label>Version</label>
                    <frontend_model>Mconnect\AutoRelatedProducts\Block\System\Config\Form\Field\Version</frontend_model>
                </field>
                <field id="enabled" translate="label" type="select" sortOrder="10" showInDefault="1" showInWebsite="1" showInStore="1">
                    <label>Enabled</label>
                    <source_model>Magento\Config\Model\Config\Source\Yesno</source_model>			
                </field>
                <field id="productcount" translate="label" type="select" sortOrder="20" showInDefault="1" showInWebsite="1" showInStore="1">
                    <label>Related Product Count</label>
                    <source_model>Mconnect\AutoRelatedProducts\Model\Config\Source\ProductCount</source_model>
                    <comment><![CDATA[Number of related products to show]]></comment>					
                </field>				
            </group>
        </section>
    </system>
</config>