<?xml version="1.0"?>
<config xmlns:xsi="http://www.w3.org/2001/XMLSchema-instance" xsi:noNamespaceSchemaLocation="urn:magento:framework:ObjectManager/etc/config.xsd">
    <virtualType name="IconGridDataProvider" type="Magento\Framework\View\Element\UiComponent\DataProvider\DataProvider">
        <arguments>
            <argument name="collection" xsi:type="object" shared="false">Mconnect\Iconlib\Model\Resource\Icon\Collection</argument>
            <argument name="filterPool" xsi:type="object" shared="false">IconGridFilterPool</argument> 
        </arguments>
    </virtualType>
    <virtualType name="IconGridFilterPool" type="Magento\Framework\View\Element\UiComponent\DataProvider\FilterPool">
        <arguments>
            <argument name="appliers" xsi:type="array">
                <item name="regular" xsi:type="object">Magento\Framework\View\Element\UiComponent\DataProvider\RegularFilter</item>
                <item name="fulltext" xsi:type="object">Magento\Framework\View\Element\UiComponent\DataProvider\FulltextFilter</item>
            </argument>
        </arguments>
    </virtualType>
    <type name="Magento\Framework\View\Element\UiComponent\DataProvider\CollectionFactory">
        <arguments>
            <argument name="collections" xsi:type="array">
                <item name="iconlib_icon_listing_data_source" xsi:type="string">Mconnect\Iconlib\Model\ResourceModel\Grid\Icon\Collection</item>
				<item name="iconlib_index_listing_data_source" xsi:type="string">Mconnect\Iconlib\Model\ResourceModel\Grid\Icon\Collection</item>
            </argument>
        </arguments>
    </type>
    <virtualType name="Mconnect\Iconlib\Model\ResourceModel\Grid\Icon\Collection" type="Magento\Framework\View\Element\UiComponent\DataProvider\SearchResult">
        <arguments>
            <argument name="mainTable" xsi:type="string">mcs_iconlib</argument>
            <argument name="resourceModel" xsi:type="string">Mconnect\Iconlib\Model\ResourceModel\Icon</argument>
        </arguments>
    </virtualType>
</config>