<?xml version="1.0"?>
<config xmlns:xsi="http://www.w3.org/2001/XMLSchema-instance" xsi:noNamespaceSchemaLocation="urn:magento:framework:Acl/etc/acl.xsd">
    <acl>
		<resources>
			<resource id="Magento_Backend::admin">	
				
				<resource id="Mconnect_General::general" title="Mconect">
                    <resource id="Mconnect_Productfileupload::productfileupload_manager" title="Product File Upload">
                        <resource id="Mconnect_Productfileupload::productfileupload" title="Manage Product File Upload">  

							<resource id="Mconnect_Productfileupload::productfileupload_save" title="Add New productfileupload" sortOrder="10" />
                            <resource id="Mconnect_Productfileupload::save" title="Save productfileupload" sortOrder="10" />
                            <resource id="Mconnect_Productfileupload::delete" title="Delete productfileupload" sortOrder="20" />
						
                        </resource> 
						
						<resource id="Mconnect_Productfileupload::productfileupload_setting" title="Product File Upload Setting"> 
						</resource>						
						
                    </resource>
                </resource>

			
					 <resource id="Magento_Backend::stores">					
						<resource id="Magento_Backend::stores_settings">
							<resource id="Magento_Config::config">
								<resource id="Mconnect_Productfileupload::config_productfileupload" title="Productfileupload settings" />
							</resource>
						</resource>
					</resource> 
					
				
				
				
			</resource>
		</resources>		
    </acl>
</config>
