<?xml version="1.0"?>
<config xmlns:xsi="http://www.w3.org/2001/XMLSchema-instance" xsi:noNamespaceSchemaLocation="urn:magento:framework:ObjectManager/etc/config.xsd">
   
   <virtualType name="ProductfileuploadGridDataProvider" type="Magento\Framework\View\Element\UiComponent\DataProvider\DataProvider">
        <arguments>
            <argument name="collection" xsi:type="object" shared="false">Mconnect\Productfileupload\Model\ResourceModel\Productfile\Collection</argument>
            <argument name="filterPool" xsi:type="object" shared="false">ProductfileuploadGirdFilterPool</argument>
        </arguments>
    </virtualType>
	

   <virtualType name="ProductfileuploadGirdFilterPool" type="Magento\Framework\View\Element\UiComponent\DataProvider\FilterPool">
        <arguments>
            <argument name="appliers" xsi:type="array">
                <item name="regular" xsi:type="object">Magento\Framework\View\Element\UiComponent\DataProvider\RegularFilter</item>
                <item name="fulltext" xsi:type="object">Magento\Framework\View\Element\UiComponent\DataProvider\FulltextFilter</item>
            </argument>
        </arguments>
    </virtualType>
	
	
	<virtualType name="Mconnect\Productfileupload\Model\ResourceModel\Productfile\Grid\Collection" type="Magento\Framework\View\Element\UiComponent\DataProvider\SearchResult">
        <arguments>
			<argument name="mainTable" xsi:type="string">mconnect_productfile</argument>
            <argument name="resourceModel" xsi:type="string">Mconnect\Productfileupload\Model\ResourceModel\Productfile</argument>
        </arguments>
    </virtualType>
	
	<type name="Magento\Framework\View\Element\UiComponent\DataProvider\CollectionFactory">
        <arguments>
            <argument name="collections" xsi:type="array">
                <item name="productfileupload_index_grid_data_source" xsi:type="string">Mconnect\Productfileupload\Model\ResourceModel\Productfile\Grid\Collection</item>
				<item name="productfileupload_index_listing_data_source" xsi:type="string">Mconnect\Productfileupload\Model\ResourceModel\Productfile\Grid\Collection</item>
            </argument>
        </arguments>
    </type>
	
	<!-- Type for jobs_department_listing_data_source -->
   <!--  <type name="Magento\Framework\View\Element\UiComponent\DataProvider\CollectionFactory">
        <arguments>
            <argument name="collections" xsi:type="array">
                <item name="jobs_department_listing_data_source" xsi:type="string">Maxime\Jobs\Model\ResourceModel\Grid\Department\Collection</item>
            </argument>
        </arguments>
    </type> -->
	
	
</config>