<?xml version="1.0"?>

<config xmlns:xsi="http://www.w3.org/2001/XMLSchema-instance" xsi:noNamespaceSchemaLocation="urn:magento:framework:Acl/etc/acl.xsd">
    <acl>
        <resources>
            <resource id="Magento_Backend::admin">
                <resource id="Mconnect_General::general" title="Mconnect">
                    <resource id="Mconnect_Partfinder::partfinder_manager" title="Part Finder Manager">
                        <resource id="Mconnect_Partfinder::partfinder_setting" title="Part Finders" sortOrder="10">
						    <resource id="Mconnect_Partfinder::index" title="Index Part Finder" sortOrder="10" />
							<resource id="Mconnect_Partfinder::save" title="Save Part Finder" sortOrder="11" />
                            <resource id="Mconnect_Partfinder::delete" title="Delete Part Finder" sortOrder="20" />
                        </resource>
						<resource id="Mconnect_Partfinder::partfinder_Guide" title="Guide" sortOrder="22" >
							 <resource id="Mconnect_Partfinder::guide_list" title="Guide List" sortOrder="10" />
						</resource>
						<resource id="Mconnect_Partfinder::partfinder_config" title="Configuration" sortOrder="23" />						
					</resource>
                </resource>
				<resource id="Magento_Backend::stores">
                    <resource id="Magento_Backend::stores_settings">
                        <resource id="Magento_Config::config">
                            <resource id="Mconnect_Partfinder::config_partfinder" title="Part Finder settings" />
                        </resource>
                    </resource>
                </resource>
            </resource>
        </resources>
    </acl>
</config>
