<?xml version="1.0"?>

<config xmlns:xsi="http://www.w3.org/2001/XMLSchema-instance" xsi:noNamespaceSchemaLocation="urn:magento:framework:ObjectManager/etc/config.xsd">

	<preference for="Magento\CatalogSearch\Model\ResourceModel\Fulltext\Collection" type="Mconnect\Partfinder\Model\ResourceModel\Fulltext\Collection" />
	
	<type name="Magento\Framework\View\Element\UiComponent\DataProvider\CollectionFactory">
        <arguments>
            <argument name="collections" xsi:type="array">
                <item name="partfinder_index_grid_data_source" xsi:type="string">Mconnect\Partfinder\Model\ResourceModel\Partfinder\Grid\Collection</item>                
            </argument>
        </arguments>
    </type>
	
	  <virtualType name="Mconnect\Partfinder\Model\ResourceModel\Partfinder\Grid\Collection" type="Magento\Framework\View\Element\UiComponent\DataProvider\SearchResult">
        <arguments>
            <argument name="mainTable" xsi:type="string">mconnect_partfinder</argument>            
            <argument name="resourceModel" xsi:type="string">Mconnect\Partfinder\Model\ResourceModel\Partfinder</argument>
        </arguments>
    </virtualType>

    <virtualType name="TestGirdFilterPool" type="Magento\Framework\View\Element\UiComponent\DataProvider\FilterPool">
        <arguments>
            <argument name="appliers" xsi:type="array">
                <item name="regular" xsi:type="object">Magento\Framework\View\Element\UiComponent\DataProvider\RegularFilter</item>
                <item name="fulltext" xsi:type="object">Magento\Framework\View\Element\UiComponent\DataProvider\FulltextFilter</item>
            </argument>
        </arguments>
    </virtualType>

    <virtualType name="PartfinderGridDataProvider" type="Magento\Framework\View\Element\UiComponent\DataProvider\DataProvider">
        <arguments>
            <argument name="collection" xsi:type="object" shared="false">Mconnect\Partfinder\Model\ResourceModel\Partfinder\Collection</argument>
            <argument name="filterPool" xsi:type="object" shared="false">TestGirdFilterPool</argument>
        </arguments>
    </virtualType>	
	
	<virtualType name="categoryFilterList" type="Magento\Catalog\Model\Layer\FilterList">
        <arguments>
            <argument name="filters" xsi:type="array">                
				<item name="partfinder" xsi:type="string">Mconnect\Partfinder\Model\Layer\Filter\Partfinder</item>
            </argument>
        </arguments>
    </virtualType>
  
</config>