<?xml version="1.0"?>

<requests xmlns:xsi="http://www.w3.org/2001/XMLSchema-instance"
          xsi:noNamespaceSchemaLocation="urn:magento:framework:Search/etc/search_request.xsd">
    
    <request query="catalog_view_container" index="catalogsearch_fulltext">        
        <queries>
            <query xsi:type="boolQuery" name="catalog_view_container" boost="1">                
				<queryReference clause="should" ref="sku_query"/>
            </query>
			<query name="sku_query" xsi:type="filteredQuery">
                <filterReference clause="must" ref="sku_query_filter"/>
            </query>
        </queries>
        <filters>
			<filter xsi:type="termFilter" name="sku_query_filter" field="sku" value="$sku$"/>
        </filters>
        
        <from>0</from>
        <size>10000</size>
    </request>
</requests>
