<?xml version="1.0"?>
<config xmlns:xsi="http://www.w3.org/2001/XMLSchema-instance" xsi:noNamespaceSchemaLocation="../../../../../lib/internal/Magento/Framework/ObjectManager/etc/config.xsd">
<!--
    <type name="Magento\CatalogSearch\Model\Search\IndexBuilder">
        <plugin name="search_index_builder_restrict_product_after_get" type="Mconnect\ProductShow\Plugin\IndexBuilder" />
    </type>

    <type name="Magento\Catalog\Model\ResourceModel\Product\Collection">
        <plugin name="product-collection-sorting" type="Mconnect\ProductShow\Plugin\Collection" sortOrder="1"/>
    </type>
    <type name="Magento\Catalog\Model\Layer">
        <plugin name="LayerPlugin" type="Mconnect\ProductShow\Plugin\Layer"/>
    </type>
-->
    <type name="Magento\Catalog\Block\Product\ProductList\Toolbar">
        <plugin name="Mconnect_ProductShow_customCollection" type="Mconnect\ProductShow\Plugin\Product\ProductList\Toolbar"/>
    </type>

</config>
