<?xml version="1.0"?>

<config xmlns:xsi="http://www.w3.org/2001/XMLSchema-instance" xsi:noNamespaceSchemaLocation="urn:magento:framework:Acl/etc/acl.xsd">
    <acl>
        <resources>
            <resource id="Magento_Backend::admin">
                <resource id="Mconnect_General::general" title="Mconnect">
                    <resource id="Mconnect_Freeshippingbar::freeshippingbar_manager" title="Free Shipping Bar">
                        <resource id="Mconnect_Freeshippingbar::freeshippingbar_setting" title="Free Shipping Bar Settings" />
                    </resource>
                </resource>
				<resource id="Magento_Backend::stores">
                    <resource id="Magento_Backend::stores_settings">
                        <resource id="Magento_Config::config">
                            <resource id="Mconnect_Freeshippingbar::Settings" title="Free Shipping Bar Settings" />
                        </resource>
                    </resource>
                </resource>
            </resource>
        </resources>
    </acl>
</config>
