<?xml version="1.0"?>

<config xmlns:xsi="http://www.w3.org/2001/XMLSchema-instance" xsi:noNamespaceSchemaLocation="urn:magento:module:Magento_Config:etc/system_file.xsd">
    <system>
       <tab id="mconnect" translate="label" sortOrder="300">
            <label>M-Connect Media</label>
        </tab>
		<section id="mconnect_partfinder" translate="label" type="text" sortOrder="140" showInDefault="1" showInWebsite="1" showInStore="1">
		
            <label>Part Finder</label>
            <tab>mconnect</tab>            
            <resource>Mconnect_Partfinder::config_partfinder</resource>
			<group id="active" translate="label" type="text" sortOrder="1" showInDefault="1" showInWebsite="1" showInStore="1">
				<label>Licence Key Activation</label>
				<field id="licence_key" translate="label" type="text" sortOrder="1" showInDefault="1" showInWebsite="1" showInStore="1">
					<label>Licence Key</label>					
				</field>
				<field id="serial_key" translate="label" type="text" sortOrder="2" showInDefault="1" showInWebsite="1" showInStore="1">
					<label>Serial Key</label>					
				</field>
			</group>
			
			<group id="general" translate="label" type="text" sortOrder="2" showInDefault="1" showInWebsite="1" showInStore="1">
				<label>General Setting</label>
				<field id="active" translate="label" type="select" sortOrder="1" showInDefault="1" showInWebsite="1" showInStore="1">
					<label>Enable/Disable Part Finder</label>
					<source_model>Magento\Config\Model\Config\Source\Yesno</source_model>
				</field>			
			</group>
		
		
		
        </section>
       
    </system>
</config>
