<?xml version="1.0"?>
<config xmlns:xsi="http://www.w3.org/2001/XMLSchema-instance" xsi:noNamespaceSchemaLocation="urn:magento:module:Magento_Config:etc/system_file.xsd">
    <system>
		<tab id="mconnect" translate="label" sortOrder="200">
            <label>M-Connect Media</label>
        </tab>
        <section id="mconnect_freeshippingbar" translate="label" type="text" sortOrder="200" showInDefault="1" showInWebsite="1" showInStore="1">
            <label>Free Shipping Bar</label>
            <tab>mconnect</tab>
            <resource>Mconnect_Freeshippingbar::Settings</resource>
			<group id="active" translate="label" type="text" sortOrder="1" showInDefault="1" showInWebsite="1" showInStore="1">
				<label>Licence Key Activation</label>
				<field id="licence_key" translate="label" type="text" sortOrder="1" showInDefault="1" showInWebsite="1" showInStore="1">
					<label>Licence Key</label>					
				</field>
				<field id="serial_key" translate="label" type="text" sortOrder="2" showInDefault="1" showInWebsite="1" showInStore="1">
					<label>Serial Key</label>					
				</field>
			</group>
            <group id="general" translate="label" type="text" sortOrder="10" showInDefault="1" showInWebsite="1" showInStore="1">
                <label>General</label>
                <field id="enable" translate="label" type="select" sortOrder="1" showInDefault="1" showInWebsite="1" showInStore="1">
                    <label>Enable</label>
                    <source_model>Magento\Config\Model\Config\Source\Yesno</source_model>
                </field>
				<field id="shipping_bar" translate="label" type="text" sortOrder="2" showInDefault="1" showInWebsite="1" showInStore="1">
                    <label>Free Shipping Cost</label>
                </field>
				
				<field id="default_open_desktop" translate="label" type="select" sortOrder="3" showInDefault="1" showInWebsite="1" showInStore="1">
                    <label>By default open in desktop</label>
                    <source_model>Magento\Config\Model\Config\Source\Yesno</source_model>
                </field>
                <field id="default_open_tab_mobile" translate="label" type="select" sortOrder="4" showInDefault="1" showInWebsite="1" showInStore="1">
                    <label>By default open in tab and mobile</label>
                    <source_model>Magento\Config\Model\Config\Source\Yesno</source_model>
                </field>
				
				<field id="mcs_minicart_loader_gif" translate="label" sortOrder="5" type="image" showInDefault="1" showInWebsite="1" showInStore="1">
						<label>Minicart Loader</label>
						<backend_model>Magento\Config\Model\Config\Backend\Image</backend_model>
						<upload_dir config="system/filesystem/media" scope_info="1">mconnect/freeshippingbar</upload_dir>
						<base_url type="media" scope_info="1">mconnect/freeshippingbar</base_url>
                        <comment><![CDATA[
						Recommended image sizes 50*50 pixels
						]]></comment>
				</field>
				<field id="mcs_mini_cart_gif" translate="label" sortOrder="6" type="image" showInDefault="1" showInWebsite="1" showInStore="1">
						<label>Empty Minicart Image</label>
						<backend_model>Magento\Config\Model\Config\Backend\Image</backend_model>
						<upload_dir config="system/filesystem/media" scope_info="1">mconnect/freeshippingbar</upload_dir>
						<base_url type="media" scope_info="1">mconnect/freeshippingbar</base_url>
				</field>
				<field id="before_achieved_goal" translate="label" type="text" sortOrder="7" showInDefault="1" showInWebsite="1" showInStore="1">
                    <label>Message Below Free Shipping</label>
                    <validate>required-entry</validate>
                    <comment><![CDATA[
                       Use {{AwayPrice}} variable.  Ex:{{AwayPrice}} Away from FREE shipping.
                    ]]></comment>
                </field>
				
				<field id="after_achieved_goal" translate="label" type="text" sortOrder="8" showInDefault="1" showInWebsite="1" showInStore="1">
                    <label>Success Message</label>
                    <validate>required-entry</validate>
                </field>
                
                <field id="mcs_minicart_title" translate="label" type="text" sortOrder="9" showInDefault="1" showInWebsite="1" showInStore="1">
                    <label>Sidebar Title</label>
                    <validate>required-entry</validate>
                </field>    
				
            </group>
			
			<group id="design" translate="label" type="text" sortOrder="30" showInDefault="1" showInWebsite="1" showInStore="1">
                <label>Design</label>
				<field id="font_size" translate="label" type="text" sortOrder="2" showInDefault="1" showInWebsite="1" showInStore="1">
                    <label>Message Font Size</label>
                    <validate>required-entry</validate>
                </field>
				<field id="font_color" translate="label" type="text" sortOrder="4" showInDefault="1" showInWebsite="1" showInStore="1">
                    <label>Message Font Color</label>
                    <validate>required-entry</validate>
                    <frontend_model>Mconnect\Freeshippingbar\Block\ColorPicker</frontend_model>
                </field>
				<field id="bg_color" translate="label" type="text" sortOrder="5" showInDefault="1" showInWebsite="1" showInStore="1">
                    <label>Progressbar Color/Message Background Color</label>
                    <validate>required-entry</validate>
                    <frontend_model>Mconnect\Freeshippingbar\Block\ColorPicker</frontend_model>
                </field>
            </group>
        </section>
    </system>
</config>