<?xml version="1.0"?>
<!--
/**
 * Copyright © 2015 Magento. All rights reserved.
 * See COPYING.txt for license details.
 */
-->
<config xmlns:xsi="http://www.w3.org/2001/XMLSchema-instance" xsi:noNamespaceSchemaLocation="urn:magento:module:Magento_Config:etc/system_file.xsd">
    <system>
        <tab id="mconnect" translate="label" sortOrder="300">
            <label>M-Connect Media</label>
        </tab>
		<section id="mconnect_ajaxproductscroller" translate="label" type="text" sortOrder="150" showInDefault="1" showInWebsite="1" showInStore="1">
		
			<label>Ajax product scroller</label>
            <tab>mconnect</tab>  
			
            <resource>Mconnect_Ajaxproductscroller::config_slider</resource>
			
			
			<group id="active" translate="label" type="text" sortOrder="1" showInDefault="1" showInWebsite="1" showInStore="1">
				<label>Licence Key Activation</label>
				<field id="licence_key" translate="label" type="text" sortOrder="1" showInDefault="1" showInWebsite="1" showInStore="1">
					<label>Licence Key</label>					
				</field>
				<field id="serial_key" translate="label" type="text" sortOrder="2" showInDefault="1" showInWebsite="1" showInStore="1">
					<label>Serial Key</label>					
				</field>
			</group>
			
			<group id="general" translate="label" type="text" sortOrder="1" showInDefault="1" showInWebsite="1" showInStore="1">
			 
				<label>General Setting</label>			
				
				<field id="active_category_page" translate="label" type="select" sortOrder="1" showInDefault="1" showInWebsite="1" showInStore="1">			
					<label>Enable On Category Page</label>
					<source_model>Magento\Config\Model\Config\Source\Yesno</source_model>                
				</field>
				
				<field id="active_search_page" translate="label" type="select" sortOrder="2" showInDefault="1" showInWebsite="1" showInStore="1">			
					<label>Enable On Search Page</label>
					<source_model>Magento\Config\Model\Config\Source\Yesno</source_model>                
				</field>
				
				<field id="loader_image" translate="label" sortOrder="3" type="image" showInDefault="1" showInWebsite="1" showInStore="1">
						<label>Loader Image</label>
						<backend_model>Magento\Config\Model\Config\Backend\Image</backend_model>
						<upload_dir config="system/filesystem/media" scope_info="1">mconnect/ajaxproductscroller</upload_dir>
						<base_url type="media" scope_info="1">mconnect/ajaxproductscroller</base_url>
				</field>
				
				<field id="loader_text" translate="label" type="text" sortOrder="4" showInDefault="1" showInWebsite="1" showInStore="1">
						<label>Loader Text</label>
						<comment>This input will be visible on the frontend text.</comment>
				</field>
				
				<field id="loader_method" translate="label" type="select" sortOrder="5" showInDefault="1" showInWebsite="1" showInStore="1">			
						<label>Loader Method</label>
						<source_model>Mconnect\Ajaxproductscroller\Model\Config\Source\Loadingmethod</source_model>
				</field>	
			
			</group>
		
		</section>
		
       
    </system>
</config>
