<?xml version="1.0"?>
<config xmlns:xsi="http://www.w3.org/2001/XMLSchema-instance" xsi:noNamespaceSchemaLocation="urn:magento:framework:Acl/etc/acl.xsd">
    <acl>
        <resources>
            <resource id="Magento_Backend::admin">
				<resource id="Mconnect_General::general" title="Mconect">
                    <resource id="Mconnect_Giftcard::giftcard" title="Mconnect Gift Card">
						<resource id="Mconnect_Giftcard::products" title="Gift Card Products" sortOrder="10" />
                        <resource id="Mconnect_Giftcard::giftcode" title="Gift Codes" sortOrder="20">
                            <resource id="Mconnect_Giftcard::add_new" title="Add New Gift Code" sortOrder="10" />
                            <resource id="Mconnect_Giftcard::giftcode_save" title="Save Gift Code" sortOrder="20" />
                            <resource id="Mconnect_Giftcard::giftcode_delete" title="Delete Gift Code" sortOrder="30" />
                        </resource>
						<resource id="Mconnect_Giftcard::guide" title="Gift Card Guide" sortOrder="30" />
                    </resource>
                </resource>
                <resource id="Magento_Backend::stores">
                    <resource id="Magento_Backend::stores_settings">
                        <resource id="Magento_Config::config">
                            <resource id="Mconnect_Giftcard::config" title="Mconnect Giftcard" sortOrder="260" />
                        </resource>
                    </resource>
                </resource>                          
            </resource>
        </resources>
    </acl>
</config>
