<?xml version="1.0"?>
<config xmlns:xsi="http://www.w3.org/2001/XMLSchema-instance" xsi:noNamespaceSchemaLocation="urn:magento:module:Magento_Cron:etc/crontab.xsd">
    <group id="default">
        <job name="cron_giftcard" instance="Mconnect\Giftcard\Cron\Giftcard" method="updateStatus">
            <schedule>* * * * *</schedule>
        </job>
		<job name="cron_sendgiftcard" instance="Mconnect\Giftcard\Cron\Giftcard" method="sendGiftcard">
            <schedule>* * * * *</schedule>
        </job>
		<job name="cron_expirynotification" instance="Mconnect\Giftcard\Cron\Giftcard" method="sendExpiryNotification">
            <schedule>* * * * *</schedule>
        </job>
    </group>
</config>