<?xml version="1.0"?>

<config xmlns:xsi="http://www.w3.org/2001/XMLSchema-instance" xsi:noNamespaceSchemaLocation="urn:magento:framework:ObjectManager/etc/config.xsd">

	
	<type name="Magento\Framework\View\Element\UiComponent\DataProvider\CollectionFactory">
        <arguments>
            <argument name="collections" xsi:type="array">
                <item name="giftcard_giftcode_grid_data_source" xsi:type="string">Mconnect\Giftcard\Model\ResourceModel\Giftcode\Grid\Collection</item>
            </argument>
        </arguments>
    </type>
	
	<virtualType name="Mconnect\Giftcard\Model\ResourceModel\Giftcode\Grid\Collection" type="Magento\Framework\View\Element\UiComponent\DataProvider\SearchResult">
        <arguments>
            <argument name="mainTable" xsi:type="string">mconnect_giftcode</argument>            
            <argument name="resourceModel" xsi:type="string">Mconnect\Giftcard\Model\ResourceModel\Giftcode</argument>
        </arguments>
    </virtualType>
	
    <virtualType name="TestGirdFilterPool" type="Magento\Framework\View\Element\UiComponent\DataProvider\FilterPool">
        <arguments>
            <argument name="appliers" xsi:type="array">
                <item name="regular" xsi:type="object">Magento\Framework\View\Element\UiComponent\DataProvider\RegularFilter</item>
                <item name="fulltext" xsi:type="object">Magento\Framework\View\Element\UiComponent\DataProvider\FulltextFilter</item>
            </argument>
        </arguments>
    </virtualType>

    <virtualType name="GiftcodeGridDataProvider" type="Magento\Framework\View\Element\UiComponent\DataProvider\DataProvider">
        <arguments>
            <argument name="collection" xsi:type="object" shared="false">Mconnect\Giftcard\Model\ResourceModel\Giftcode\Collection</argument>
            <argument name="filterPool" xsi:type="object" shared="false">TestGirdFilterPool</argument>
        </arguments>
    </virtualType>
	
	<type name="Mconnect\Giftcard\Controller\Giftcode\Index">
        <plugin name="authentication" type="\Magento\Sales\Controller\Order\Plugin\Authentication"/>
    </type>
	
</config>