<?xml version="1.0"?>
<config xmlns:xsi="http://www.w3.org/2001/XMLSchema-instance" xsi:noNamespaceSchemaLocation="urn:magento:framework:Event/etc/events.xsd">
    <event name="checkout_cart_product_add_after">
        <observer name="mconnect_giftcard_checkout_cart_product_add_after" instance="Mconnect\Giftcard\Observer\CheckoutCartProductAddAfterObserver" />
    </event>
    <event name="sales_model_service_quote_submit_before">
        <observer name="mconnect_giftcard_sales_model_service_quote_submit_before" instance="Mconnect\Giftcard\Observer\SalesModelServiceQuoteSubmitBeforeObserver" />
    </event>
	
	<event name="sales_order_place_after">
        <observer name="mconnect_giftcard_sales_model_service_quote_submit_after" instance="Mconnect\Giftcard\Observer\SalesModelServiceQuoteSubmitAfterObserver" />
    </event>
	
	<event name="sales_order_save_after">
        <observer name="mconnect_giftcard_sales_order_save_after" instance="Mconnect\Giftcard\Observer\SalesOrderSaveAfterObserver" />
    </event>

    <event name="catalog_product_save_before">
        <observer name="mconnect_giftcard_catalog_product_save_before" instance="Mconnect\Giftcard\Observer\Productsavebefore" />
    </event>
	
</config>