<?xml version="1.0"?>
<!--
/**
 * Copyright © 2015 Magento. All rights reserved.
 * See COPYING.txt for license details.
 */
-->
<config xmlns:xsi="http://www.w3.org/2001/XMLSchema-instance" xsi:noNamespaceSchemaLocation="../../../Config/etc/system_file.xsd">
   <system>
        <tab id="magentech" translate="label" sortOrder="1">
			<label>Mconnect Media</label>
		</tab>
		<section id="filterproducts" translate="label" type="text" sortOrder="40" showInDefault="1" showInWebsite="1" showInStore="1">
            <class>separator-top</class>
			<label>Mconnect Daily Deal Products</label>
			<tab>magentech</tab>
            <resource>Mconnect_Dailydeal::config_filterproducts</resource>
            <group id="general" translate="label" type="text" sortOrder="1" showInDefault="1" showInWebsite="1" showInStore="1">
                <label>General Settings</label>
                <field id="enable" translate="label" type="select" sortOrder="1" showInDefault="1" showInWebsite="1" showInStore="1">
                    <label>Enable</label>
                    <source_model>Magento\Config\Model\Config\Source\Yesno</source_model>
                </field>
				<field id="title_module" translate="label" type="text" sortOrder="2" showInDefault="1" showInWebsite="1" showInStore="1">
					<label>Title Module</label>
				</field>
				
			</group>
			<group id="source" translate="label" type="text" sortOrder="2" showInDefault="1" showInWebsite="1" showInStore="1">
				<label>Source Options</label>
				<field id="display_countdown" translate="label" type="select" sortOrder="1" showInDefault="1" showInWebsite="1" showInStore="1">
                    <label>Show Countdown Timer</label>
                    <source_model>Magento\Config\Model\Config\Source\Yesno</source_model>
                </field>
				<field id="product_source" translate="label" type="select" sortOrder="2" showInDefault="1" showInWebsite="1" showInStore="1">
					<label>Select Source</label>
					<source_model>Mconnect\Dailydeal\Model\Config\Source\TypeFilter</source_model>
				</field>
				<field id="date_to"  translate="label" type="text" sortOrder="3" showInDefault="1" showInWebsite="1" showInStore="1">
					<label>Date To</label>
					<validate>required-entry date _has-datepicker</validate>
					 <frontend_model>Mconnect\Dailydeal\Block\System\Config\Form\Field\DatePicker</frontend_model>
					<depends>
						<field id="product_source">countdown_products</field>
					</depends>
				</field>
				<field id="select_category" translate="label" type="multiselect" sortOrder="4" showInDefault="1" showInWebsite="1" showInStore="1">
					<label>Select Category</label>
					<source_model>Mconnect\Dailydeal\Model\Config\Source\ListCategory</source_model>
				</field>
				
				
				
				<field id="product_order_by" translate="label" type="select" sortOrder="5" showInDefault="1" showInWebsite="1" showInStore="1">
					<label>Product Field to Order By</label>
					<source_model>Mconnect\Dailydeal\Model\Config\Source\OrderBy</source_model>
					<depends>
						<field id="product_source" separator=",">featured_products,other_products</field>
					</depends>
				</field>
				<field id="product_order_dir" translate="label" type="select" sortOrder="6" showInDefault="1" showInWebsite="1" showInStore="1">
					<label>Ordering Direction</label>
					<source_model>Mconnect\Dailydeal\Model\Config\Source\OrderDirection</source_model>
					<depends>
						<field id="product_source" separator=",">featured_products,other_products</field>
					</depends>
				</field>
				<field id="product_limitation" translate="label" type="text" sortOrder="7" showInDefault="1" showInWebsite="1" showInStore="1">
					<label>Product Limitation</label>
					<validate>required-entry integer validate-greater-than-zero</validate>
				</field>
			</group>
		</section>		
	</system>	
</config>
